candidate_index,quantile,quantile_min,quantile_max,quantile_count,quantiles,threshold,tail_count,tail_fraction,empirical_percentile,mean_excess,xi,sigma,modified_scale,ks_statistic,bootstrap_gof_p,gof_status,gof_repetitions,gof_refit_failures,gof_refit_successes,sample_valid,fit_ok,fit_error,log_likelihood,fit_warning_count,candidate_valid,gof_extreme_count,null_ks_median,gof_pass,window_window_index,window_start_candidate_index,window_end_candidate_index,window_start_threshold,window_end_threshold,window_basic_valid,window_shape_stable,window_modified_scale_stable,window_parameter_stable,window_gof_pass,window_sustained_valid,window_xi_mean,window_xi_std,window_xi_range,window_xi_cv,window_xi_cv_bypassed,window_modified_scale_mean,window_modified_scale_std,window_modified_scale_range,window_modified_scale_cv,window_mrl_slope,window_mrl_r2,window_mrl_support
0,0.7,0.7,0.7,1,[0.7],257.0,1554,0.2996529116853066,70.03470883146935,318.62033462033463,0.365611162040344,173.33286018347064,79.37079153910224,0.08942803717417316,0.001996007984031936,OK,500,0,500,True,True,,-10133.361448043435,0,True,0,0.015002108915083065,False,0.0,0.0,3.0,257.0,289.0499999999997,True,True,False,False,False,False,0.3930656723028772,0.024052392697728537,0.06478776901120348,0.061191791582336244,False,58.347794792315625,18.209147801756494,49.12102554718305,0.312079451615447,0.048318907317609905,0.3010333661288474,False
1,0.71,0.71,0.71,1,[0.71],266.3499999999999,1504,0.2900115696104898,70.99884303895102,319.7051861702128,0.3804531891864088,169.12658073792215,67.7928737981222,0.08536619467913922,0.001996007984031936,OK,500,0,500,True,True,,-9792.694656293668,0,True,0,0.015276977535350539,False,1.0,1.0,4.0,266.3499999999999,299.0,True,True,False,False,False,False,0.4145061259900004,0.027934252197647703,0.07091978760242801,0.06739165104238191,False,42.29528633184914,20.728687392161483,52.632116100885895,0.49009450437394,0.05915616926078215,0.38300064363178266,False
2,0.72,0.72,0.72,1,[0.72],276.0,1451,0.279791747011184,72.0208252988816,321.5444521019986,0.3957994069332086,165.21838415368444,55.977747840118866,0.0826760411521312,0.001996007984031936,OK,500,0,500,True,True,,-9435.951148011076,0,True,0,0.01559830156581233,False,2.0,2.0,5.0,276.0,310.0,True,True,False,False,False,False,0.4395285704193247,0.030895229143855243,0.0847435599704972,0.07029174261500266,False,24.03637816618899,22.332161723014032,61.22050670463727,0.9290984510481612,0.1121405624962842,0.5739126426191233,False
3,0.73,0.73,0.73,1,[0.73],289.0499999999997,1400,0.2699575780948708,73.00424219051293,319.92214285714317,0.4303989310515475,154.65657701236887,30.24976599191919,0.07523290152286241,0.001996007984031936,OK,500,0,500,True,True,,-9060.248106228244,0,True,0,0.016133024409859253,False,3.0,3.0,6.0,289.0499999999997,319.0,True,True,False,False,False,False,0.4657023444686861,0.02684399446628653,0.07009557207910677,0.05764195689612107,False,5.2737334787637025,18.873971870787106,49.32259690150147,3.57886342697994,0.30648950774198963,0.9682502403199046,True
4,0.74,0.74,0.74,1,[0.74],299.0,1346,0.25954492865406864,74.04550713459314,322.5898959881129,0.4513729767888368,150.1212777570985,15.160757697236306,0.07433829238762435,0.001996007984031936,OK,500,0,500,True,True,,-8698.951578326278,0,True,0,0.016517594087489415,False,4.0,4.0,7.0,299.0,327.0,True,True,False,False,False,False,0.48677283931032256,0.02376502718122477,0.06330793362925657,0.048821596568321114,False,-9.503665251279834,16.528150881949255,44.02058662549126,1.7391343702603006,0.45336348832860995,0.937013780672223,True
5,0.75,0.75,0.75,1,[0.75],310.0,1291,0.24893945237177015,75.10605476282298,325.0325329202169,0.4805429669037058,143.72556087563038,-5.242758864518407,0.07501975840123432,0.001996007984031936,OK,500,0,500,True,True,,-8324.94717805948,0,True,0,0.01677142286029054,False,5.0,5.0,8.0,310.0,337.0,True,True,False,False,False,False,0.5100719551504089,0.02331848876945477,0.06402647324547661,0.045716076984822,False,-25.64258329631088,16.076678680032025,44.15215561836948,0.6269523820692795,0.5561231567749892,0.9888149565027917,True
6,0.76,0.76,0.76,1,[0.76],319.0,1239,0.23891245661396066,76.10875433860393,329.47538337368843,0.5004945031306542,140.58491558909643,-19.07283090958228,0.07541956758328894,0.001996007984031936,OK,500,0,500,True,True,,-7986.973890107617,0,True,0,0.01637244759405415,False,6.0,6.0,9.0,319.0,347.0,True,True,False,False,False,False,0.5336694378584539,0.028647092520626753,0.07443839460523138,0.0536794698897951,False,-41.824461061943644,19.59092061786191,50.89743901746718,0.4684082022921228,0.5469705797322757,0.989429005543662,True
7,0.77,0.77,0.77,1,[0.77],327.0,1188,0.22907828769764751,77.09217123023525,335.42845117845116,0.5146809104180934,139.4408287784616,-28.859828928254956,0.07607598428225604,0.001996007984031936,OK,500,0,500,True,True,,-7665.3576073482645,0,True,0,0.017511336243772463,False,7.0,7.0,10.0,327.0,356.0,True,True,False,False,False,False,0.5577119185993524,0.030976815392602892,0.08198351567615492,0.05554268137284678,False,-58.187769710237966,21.035538679661638,55.66623657450461,0.361511341376614,0.6216028026371458,0.967634445159463,True
8,0.78,0.78,0.78,1,[0.78],337.0,1139,0.21962977246432702,78.0370227535673,339.6172080772607,0.5445694401491824,134.1249868473866,-49.394914482887884,0.07198427993054105,0.001996007984031936,OK,500,0,500,True,True,,-7338.965958805168,0,True,0,0.017737149499681748,False,8.0,8.0,11.0,337.0,366.0,True,True,False,False,False,False,0.5862407897063651,0.030757119172203362,0.08422695469696106,0.05246499341611647,False,-77.48807160952828,20.686290759854167,56.66612204252834,0.2669609699941286,0.7794308282739638,0.9911247616182839,True
9,0.79,0.79,0.79,1,[0.79],347.0,1088,0.20979560354801388,79.02043964519862,345.296875,0.5749328977358856,129.53144558730287,-69.97026992704946,0.06563728926467555,0.001996007984031936,OK,500,0,500,True,True,,-7005.476503533568,0,True,0,0.018027836236182884,False,9.0,9.0,12.0,347.0,379.0,True,True,False,False,False,False,0.6217804280075222,0.04210972179838818,0.11179509561792556,0.06772442473515544,False,-101.12436845190595,27.85515766414805,73.96983192534913,0.2754544536651002,0.8105430384235663,0.9970881968685265,True
10,0.8,0.8,0.8,1,[0.8],356.0,1035,0.19957578094870806,80.04242190512919,353.7236714975845,0.5966644260942483,127.88647018679282,-84.52606550275956,0.06042235243850021,0.001996007984031936,OK,500,0,500,True,True,,-6673.480569441727,0,True,0,0.01856317418924433,False,10.0,10.0,13.0,356.0,386.0,True,True,False,False,False,False,0.6520107569619827,0.041017246791942304,0.09918978745947982,0.06290884982183496,False,-121.08055583961408,26.967091009973487,65.26895397512237,0.22272024457580686,0.9688571340055419,0.9585922730299341,True
11,0.81,0.81,0.81,1,[0.81],366.0,984,0.1897416120323949,81.02583879676051,361.7825203252033,0.6287963948461435,124.07844398827228,-106.06103652541623,0.058812816578620336,0.001996007984031936,OK,500,0,500,True,True,,-6346.514614194663,0,True,0,0.01910031628566168,False,11.0,11.0,14.0,366.0,396.0,True,True,True,True,False,False,0.684961526384704,0.03594809838373091,0.09967110893898923,0.05248192343512869,False,-142.80350805591908,23.552941700731523,65.35683784256341,0.16493251476363346,1.2271954163025456,0.9669111723234504,True
12,0.82,0.82,0.82,1,[0.82],379.0,925,0.17836482838411108,82.1635171615889,371.3783783783784,0.6867279933538112,116.32980762869585,-143.94010185239858,0.05332211825317462,0.001996007984031936,OK,500,0,500,True,True,,-5959.920803620434,0,True,0,0.019669195418460295,False,12.0,12.0,15.0,379.0,407.25,True,True,True,True,False,False,0.723535114595818,0.03772332949601907,0.09636275433678854,0.052137524129830415,False,-168.12087276169203,24.843567091602786,63.3903934961094,0.1477720563990769,1.3779089680097485,0.989380001641088,True
13,0.83,0.83,0.83,1,[0.83],386.0,877,0.16910913999228694,83.0890860007713,384.48688711516536,0.6958542135537281,118.8047069538571,-149.79501947788194,0.05475171234731163,0.001996007984031936,OK,500,0,500,True,True,,-5677.114798453775,0,True,0,0.019781129623231475,False,13.0,13.0,16.0,386.0,418.10000000000036,True,True,True,True,False,False,0.7599069284671403,0.052098873262563405,0.13636103528537247,0.06855954500593325,False,-191.870240896471,34.06969659424052,89.1425549136325,0.17756634085128287,1.3628274313634892,0.9941980914892337,True
14,0.84,0.84,0.84,1,[0.84],396.0,826,0.15927497107597377,84.07250289240262,397.9200968523002,0.7284675037851327,117.05525713093292,-171.41787436797964,0.04779561032684722,0.001996007984031936,OK,500,0,500,True,True,,-5361.659414637828,0,True,0,0.02034543553859336,False,14.0,14.0,17.0,396.0,428.0,True,True,True,True,False,False,0.8002809657517571,0.04931883874360254,0.12888285890706297,0.061626904617522765,False,-218.22498946611444,32.04214068274763,83.79613938847606,0.1468307582973813,1.6945488372455768,0.9755497393190762,True
15,0.85,0.85,0.85,1,[0.85],407.25,778,0.15001928268414963,84.99807173158503,410.87853470437017,0.7830907476905997,111.58321164848874,-207.33049534850798,0.03948756141501686,0.001996007984031936,OK,500,0,500,True,True,,-5055.3357548453305,0,True,0,0.021041370904072487,False,15.0,15.0,18.0,407.25,436.8000000000002,True,True,True,True,False,False,0.832512114799766,0.0303253684113281,0.07430135228656809,0.03642633887510681,False,-239.1389585572776,19.520142728821437,47.88351840794772,0.08162677819869342,2.316913837221709,0.9821615987053728,True
16,0.86,0.86,0.86,1,[0.86],418.10000000000036,726,0.13999228692634014,86.00077130736598,429.0184573002752,0.8322152488391006,109.0116211481138,-238.93757439151443,0.03388804708670101,0.017964071856287425,OK,500,0,500,True,True,,-4736.184050300797,0,True,8,0.021478172397259757,False,16.0,16.0,19.0,418.10000000000036,449.0,True,True,True,True,False,False,0.8529661624696736,0.012369242903490773,0.032691689531129886,0.014501446185950605,False,-252.39413660449713,8.054906632772662,21.413633145871643,0.03191400062274323,2.7872946856667116,0.9976803332701244,True
17,0.87,0.87,0.87,1,[0.87],428.0,673,0.12977246432703432,87.02275356729656,452.4992570579495,0.8573503626921957,111.73194147580405,-255.2140137564557,0.0322757872586934,0.05788423153692615,OK,500,0,500,True,True,,-4423.934144250234,0,True,28,0.022449375810400504,True,17.0,17.0,20.0,428.0,461.0,True,True,True,True,False,False,0.8597212390651187,0.0030892276440194436,0.007556575678034805,0.0035932898986870947,False,-256.6432605238406,2.165521268853933,5.277456804753683,0.008437865324941075,3.0067038853235255,0.9994746981802813,True
18,0.88,0.88,0.88,1,[0.88],436.8000000000002,623,0.1201311222522175,87.98688777477824,479.63820224719086,0.8573920999771678,119.43511853739467,-255.0737507326324,0.03479011685868971,0.033932135728542916,OK,500,0,500,True,True,,-4136.823170298629,0,True,16,0.02355335472316116,False,18.0,18.0,21.0,436.8000000000002,478.0,True,True,True,True,False,False,0.8699881878279829,0.016646041741105903,0.041026057766484825,0.019133641093064147,False,-264.06549637370097,12.195975738265266,29.829206423264907,0.046185419548359814,2.7905315155614874,0.996814529782043,True
19,0.89,0.89,0.89,1,[0.89],449.0,567,0.10933281912842267,89.06671808715774,514.2275132275132,0.8649069383702305,127.99200779084742,-260.3512075373861,0.03695490896096065,0.03792415169660679,OK,500,0,500,True,True,,-3808.467889588408,0,True,18,0.024174040905245664,False,19.0,19.0,22.0,449.0,496.1999999999998,True,True,True,True,False,False,0.8824549463381147,0.020719221464124457,0.04802357879681407,0.023479070008165424,False,-273.25422020416494,15.388126143453842,35.894575985599886,0.056314321996404786,2.7715545981184135,0.997877256680103,True
20,0.9,0.9,0.9,1,[0.9],461.0,516,0.09949865021210953,90.05013497878905,552.4244186046511,0.8592355552208809,140.17352088793785,-255.93407006888822,0.04131646806553124,0.021956087824351298,OK,500,0,500,True,True,,-3509.892361261389,0,True,10,0.02595593293889356,False,20.0,20.0,23.0,461.0,523.0500000000002,True,True,True,True,False,False,0.9153427079345928,0.05019831990692527,0.13722242953526165,0.054841011428598464,False,-298.90122348199895,39.34785307089717,107.00515057983392,0.1316416594503062,2.583541466500772,0.9981885365561952,True
21,0.91,0.91,0.91,1,[0.91],478.0,466,0.08985730813729272,91.01426918627072,593.6309012875537,0.8984181577436526,144.54092224556865,-284.9029571558973,0.0392512742628674,0.029940119760479042,OK,500,0,500,True,True,,-3202.343126012199,0,True,14,0.026583436802607663,False,21.0,21.0,24.0,478.0,546.0,True,True,True,True,False,False,0.9354143263762701,0.038420804258184955,0.09803982701248992,0.04107356833738529,False,-313.31400497482457,30.54318197806115,78.03626349282484,0.09748425379361947,3.021106652553574,0.9863678671110268,True
22,0.92,0.92,0.92,1,[0.92],496.1999999999998,415,0.08002313922097956,91.99768607790205,647.2867469879519,0.907259134017695,158.35333624509195,-291.8286460544881,0.04299576306576414,0.03792415169660679,OK,500,0,500,True,True,,-2893.41646062586,0,True,18,0.028350136593736988,False,22.0,22.0,25.0,496.1999999999998,578.0,True,False,True,False,False,False,0.9189759076902713,0.05918733011427289,0.16379350175648533,0.06440574733132308,False,-293.26895281853257,57.24770898368745,158.2164721179929,0.19520548777323488,3.618021971910403,0.9848997890586021,True
23,0.93,0.93,0.93,1,[0.93],523.0500000000002,363,0.06999614346317007,93.000385653683,711.0188705234159,0.9964579847561426,158.25812827797841,-362.93922064872214,0.04424102272247954,0.043912175648702596,OK,500,0,500,True,True,,-2563.0288957333687,0,True,21,0.03081484432309399,False,23.0,23.0,26.0,523.0500000000002,632.0,True,False,False,False,False,False,0.87886671054596,0.09627712035056316,0.249635639315692,0.10954689624181457,False,-244.55567967416238,102.64781166109766,265.96366717171463,0.4197318655525077,3.612135759771928,0.9936668150559625,True
24,0.94,0.94,0.94,1,[0.94],546.0,311,0.05996914770536058,94.00308522946395,805.0225080385852,0.9395220289875899,199.3938317870333,-313.5851960401908,0.046191941921348345,0.07984031936127745,OK,500,0,500,True,True,,-2250.0239409642045,0,True,39,0.0323922892070406,True,24.0,24.0,27.0,546.0,765.5999999999985,True,False,False,False,True,False,0.8368222225445425,0.06844246475469754,0.1926996835471393,0.08178853633521242,False,-209.8933150867937,77.03314142865659,216.6096425631833,0.3670109331343037,2.2107957295755534,0.9518339571510053,True
25,0.95,0.95,0.95,1,[0.95],578.0,257,0.04955649826455843,95.04435017354416,938.5525291828794,0.8326644829996572,276.55732264307267,-204.72274853072923,0.04106568348264339,0.2754491017964072,OK,500,0,500,True,True,,-1915.9562576732908,0,True,137,0.03575039448669798,True,25.0,25.0,28.0,578.0,1004.300000000002,True,False,False,False,True,False,0.842739861511917,0.07749133556495812,0.2163702394166368,0.09195166753585718,False,-257.11817684457293,149.72754278805226,405.50908959430006,0.5823296688921454,1.6937889342961205,0.9896193958831394,True
26,0.96,0.96,0.96,1,[0.96],632.0,207,0.03991515618974161,96.00848438102584,1104.9565217391305,0.7468223454404506,375.0161688413572,-96.97555347700751,0.04240145903699222,0.40119760479041916,OK,500,0,500,True,True,,-1588.474876910574,0,True,200,0.039250939516364214,True,,,,,,,,,,,,,,,,,,,,,,,
27,0.97,0.97,0.97,1,[0.97],765.5999999999985,156,0.03008098727342846,96.99190127265716,1313.5474358974373,0.8282800327504727,409.84143077451324,-224.2897622992474,0.058125384188138174,0.1437125748502994,OK,500,0,500,True,True,,-1223.6718728479996,0,True,71,0.04616907215406785,True,,,,,,,,,,,,,,,,,,,,,,,
28,0.98,0.98,0.98,1,[0.98],1004.300000000002,104,0.020053991515618975,97.99460084843811,1688.709615384613,0.9631925848570874,464.8496699006672,-502.4846430713076,0.056054256396571134,0.5209580838323353,OK,500,0,500,True,True,,-842.9103043181815,0,True,260,0.05631687271259883,True,,,,,,,,,,,,,,,,,,,,,,,
