window_index,start_candidate_index,end_candidate_index,start_threshold,end_threshold,basic_valid,shape_stable,modified_scale_stable,parameter_stable,gof_pass,sustained_valid,xi_mean,xi_std,xi_range,xi_cv,xi_cv_bypassed,modified_scale_mean,modified_scale_std,modified_scale_range,modified_scale_cv,mrl_slope,mrl_r2,mrl_support
0,0,3,257.0,289.0499999999997,True,True,False,False,False,False,0.3930656723028772,0.024052392697728537,0.06478776901120348,0.061191791582336244,False,58.347794792315625,18.209147801756494,49.12102554718305,0.312079451615447,0.048318907317609905,0.3010333661288474,False
1,1,4,266.3499999999999,299.0,True,True,False,False,False,False,0.4145061259900004,0.027934252197647703,0.07091978760242801,0.06739165104238191,False,42.29528633184914,20.728687392161483,52.632116100885895,0.49009450437394,0.05915616926078215,0.38300064363178266,False
2,2,5,276.0,310.0,True,True,False,False,False,False,0.4395285704193247,0.030895229143855243,0.0847435599704972,0.07029174261500266,False,24.03637816618899,22.332161723014032,61.22050670463727,0.9290984510481612,0.1121405624962842,0.5739126426191233,False
3,3,6,289.0499999999997,319.0,True,True,False,False,False,False,0.4657023444686861,0.02684399446628653,0.07009557207910677,0.05764195689612107,False,5.2737334787637025,18.873971870787106,49.32259690150147,3.57886342697994,0.30648950774198963,0.9682502403199046,True
4,4,7,299.0,327.0,True,True,False,False,False,False,0.48677283931032256,0.02376502718122477,0.06330793362925657,0.048821596568321114,False,-9.503665251279834,16.528150881949255,44.02058662549126,1.7391343702603006,0.45336348832860995,0.937013780672223,True
5,5,8,310.0,337.0,True,True,False,False,False,False,0.5100719551504089,0.02331848876945477,0.06402647324547661,0.045716076984822,False,-25.64258329631088,16.076678680032025,44.15215561836948,0.6269523820692795,0.5561231567749892,0.9888149565027917,True
6,6,9,319.0,347.0,True,True,False,False,False,False,0.5336694378584539,0.028647092520626753,0.07443839460523138,0.0536794698897951,False,-41.824461061943644,19.59092061786191,50.89743901746718,0.4684082022921228,0.5469705797322757,0.989429005543662,True
7,7,10,327.0,356.0,True,True,False,False,False,False,0.5577119185993524,0.030976815392602892,0.08198351567615492,0.05554268137284678,False,-58.187769710237966,21.035538679661638,55.66623657450461,0.361511341376614,0.6216028026371458,0.967634445159463,True
8,8,11,337.0,366.0,True,True,False,False,False,False,0.5862407897063651,0.030757119172203362,0.08422695469696106,0.05246499341611647,False,-77.48807160952828,20.686290759854167,56.66612204252834,0.2669609699941286,0.7794308282739638,0.9911247616182839,True
9,9,12,347.0,379.0,True,True,False,False,False,False,0.6217804280075222,0.04210972179838818,0.11179509561792556,0.06772442473515544,False,-101.12436845190595,27.85515766414805,73.96983192534913,0.2754544536651002,0.8105430384235663,0.9970881968685265,True
10,10,13,356.0,386.0,True,True,False,False,False,False,0.6520107569619827,0.041017246791942304,0.09918978745947982,0.06290884982183496,False,-121.08055583961408,26.967091009973487,65.26895397512237,0.22272024457580686,0.9688571340055419,0.9585922730299341,True
11,11,14,366.0,396.0,True,True,True,True,False,False,0.684961526384704,0.03594809838373091,0.09967110893898923,0.05248192343512869,False,-142.80350805591908,23.552941700731523,65.35683784256341,0.16493251476363346,1.2271954163025456,0.9669111723234504,True
12,12,15,379.0,407.25,True,True,True,True,False,False,0.723535114595818,0.03772332949601907,0.09636275433678854,0.052137524129830415,False,-168.12087276169203,24.843567091602786,63.3903934961094,0.1477720563990769,1.3779089680097485,0.989380001641088,True
13,13,16,386.0,418.10000000000036,True,True,True,True,False,False,0.7599069284671403,0.052098873262563405,0.13636103528537247,0.06855954500593325,False,-191.870240896471,34.06969659424052,89.1425549136325,0.17756634085128287,1.3628274313634892,0.9941980914892337,True
14,14,17,396.0,428.0,True,True,True,True,False,False,0.8002809657517571,0.04931883874360254,0.12888285890706297,0.061626904617522765,False,-218.22498946611444,32.04214068274763,83.79613938847606,0.1468307582973813,1.6945488372455768,0.9755497393190762,True
15,15,18,407.25,436.8000000000002,True,True,True,True,False,False,0.832512114799766,0.0303253684113281,0.07430135228656809,0.03642633887510681,False,-239.1389585572776,19.520142728821437,47.88351840794772,0.08162677819869342,2.316913837221709,0.9821615987053728,True
16,16,19,418.10000000000036,449.0,True,True,True,True,False,False,0.8529661624696736,0.012369242903490773,0.032691689531129886,0.014501446185950605,False,-252.39413660449713,8.054906632772662,21.413633145871643,0.03191400062274323,2.7872946856667116,0.9976803332701244,True
17,17,20,428.0,461.0,True,True,True,True,False,False,0.8597212390651187,0.0030892276440194436,0.007556575678034805,0.0035932898986870947,False,-256.6432605238406,2.165521268853933,5.277456804753683,0.008437865324941075,3.0067038853235255,0.9994746981802813,True
18,18,21,436.8000000000002,478.0,True,True,True,True,False,False,0.8699881878279829,0.016646041741105903,0.041026057766484825,0.019133641093064147,False,-264.06549637370097,12.195975738265266,29.829206423264907,0.046185419548359814,2.7905315155614874,0.996814529782043,True
19,19,22,449.0,496.1999999999998,True,True,True,True,False,False,0.8824549463381147,0.020719221464124457,0.04802357879681407,0.023479070008165424,False,-273.25422020416494,15.388126143453842,35.894575985599886,0.056314321996404786,2.7715545981184135,0.997877256680103,True
20,20,23,461.0,523.0500000000002,True,True,True,True,False,False,0.9153427079345928,0.05019831990692527,0.13722242953526165,0.054841011428598464,False,-298.90122348199895,39.34785307089717,107.00515057983392,0.1316416594503062,2.583541466500772,0.9981885365561952,True
21,21,24,478.0,546.0,True,True,True,True,False,False,0.9354143263762701,0.038420804258184955,0.09803982701248992,0.04107356833738529,False,-313.31400497482457,30.54318197806115,78.03626349282484,0.09748425379361947,3.021106652553574,0.9863678671110268,True
22,22,25,496.1999999999998,578.0,True,False,True,False,False,False,0.9189759076902713,0.05918733011427289,0.16379350175648533,0.06440574733132308,False,-293.26895281853257,57.24770898368745,158.2164721179929,0.19520548777323488,3.618021971910403,0.9848997890586021,True
23,23,26,523.0500000000002,632.0,True,False,False,False,False,False,0.87886671054596,0.09627712035056316,0.249635639315692,0.10954689624181457,False,-244.55567967416238,102.64781166109766,265.96366717171463,0.4197318655525077,3.612135759771928,0.9936668150559625,True
24,24,27,546.0,765.5999999999985,True,False,False,False,True,False,0.8368222225445425,0.06844246475469754,0.1926996835471393,0.08178853633521242,False,-209.8933150867937,77.03314142865659,216.6096425631833,0.3670109331343037,2.2107957295755534,0.9518339571510053,True
25,25,28,578.0,1004.300000000002,True,False,False,False,True,False,0.842739861511917,0.07749133556495812,0.2163702394166368,0.09195166753585718,False,-257.11817684457293,149.72754278805226,405.50908959430006,0.5823296688921454,1.6937889342961205,0.9896193958831394,True
